pcd_file,reward,coverage,visited_points
cube_0.pcd,-1357.1999999998611,0.06,36
cube_1.pcd,-179.99999999999406,0.3016666666666667,181
cube_2.pcd,-296.799999999999,0.31166666666666665,187
cylinder_0.pcd,-285.19999999999635,0.24,168
cylinder_1.pcd,-1372.799999999847,0.04285714285714286,30
cylinder_2.pcd,-67.20000000000046,0.3271428571428571,229
